product,category,brand_price_monthly_usd,match_price_monthly_usd,markup_multiple,est_annual_savings_usd,verdict,comparison_url
Isagenix IsaLean Shake,Daily multivitamins & greens,296.0,70.0,4.2,2712,Lower-cost ingredient match,https://blendbusters.com/isalean-alternative.html
Onnit Total Human,Daily multivitamins & greens,140.0,9.36,15.0,1568,Lower-cost ingredient match,https://blendbusters.com/onnit-total-human.html
Qualia Mind,Brain & nootropics,139.0,26.0,5.3,1356,Lower-cost ingredient match,https://blendbusters.com/qualia-mind-alternative.html
Huel,Daily multivitamins & greens,212.0,102.0,2.1,1320,Lower-cost ingredient match,https://blendbusters.com/huel.html
Hiyo,Sleep & calm,114.0,8.49,13.4,1266,Lower-cost ingredient match,https://blendbusters.com/hiyo.html
ARMRA Colostrum,"Gut, probiotic & omega",110.0,10.0,11.0,1200,Lower-cost ingredient match,https://blendbusters.com/armra.html
Rootine Precision Daily Multivitamin,Daily multivitamins & greens,95.0,2.7,35.2,1108,Lower-cost ingredient match,https://blendbusters.com/rootine-precision-daily-multivitamin.html
CLEAN Cause Yerba Mate,Energy,94.0,6.75,13.9,1047,Lower-cost ingredient match,https://blendbusters.com/clean-cause-yerba-mate.html
Ketone-IQ Exogenous Ketone Shot,Fitness & performance,135.0,50.0,2.7,1020,Lower-cost ingredient match,https://blendbusters.com/ketone-iq.html
Jocko GO Energy Drink,Energy,92.0,10.0,9.2,984,Lower-cost ingredient match,https://blendbusters.com/jocko-go-alternative.html
Amway Nutrilite Double X,Daily multivitamins & greens,83.0,2.0,41.5,972,Lower-cost ingredient match,https://blendbusters.com/nutrilite-double-x-alternative.html
IM8 Daily Ultimate Essentials,Daily multivitamins & greens,90.0,10.2,8.8,958,Lower-cost ingredient match,https://blendbusters.com/im8-daily-ultimate-essentials.html
Guayaki Yerba Mate,Energy,86.0,6.75,12.7,951,Lower-cost ingredient match,https://blendbusters.com/guayaki-yerba-mate.html
Shakeology,Daily multivitamins & greens,130.0,53.0,2.5,924,Lower-cost ingredient match,https://blendbusters.com/shakeology-alternative.html
Qualia Senolytic,Longevity & heart,79.0,3.0,26.3,912,Lower-cost ingredient match,https://blendbusters.com/qualia-senolytic.html
Runa Clean Energy,Energy,76.0,6.75,11.3,831,Lower-cost ingredient match,https://blendbusters.com/runa-clean-energy.html
Recess Mood,Sleep & calm,101.0,33.74,3.0,807,Lower-cost ingredient match,https://blendbusters.com/recess-mood.html
Alani Nu Energy,Energy,76.0,8.99,8.5,804,Lower-cost ingredient match,https://blendbusters.com/alani-nu-energy.html
Neuro Sonic,Energy,73.0,6.37,11.5,800,Lower-cost ingredient match,https://blendbusters.com/neuro-sonic.html
Ghost Energy,Energy,75.0,8.99,8.3,792,Lower-cost ingredient match,https://blendbusters.com/ghost-energy.html
Ka’chava,Daily multivitamins & greens,140.0,75.0,1.9,780,Lower-cost ingredient match,https://blendbusters.com/kachava.html
NOVOS Core,Longevity & heart,109.0,44.0,2.5,780,Lower-cost ingredient match,https://blendbusters.com/novos-core.html
Wonderfeel Youngr NMN,Longevity & heart,88.0,23.0,3.8,780,Lower-cost ingredient match,https://blendbusters.com/wonderfeel-nmn-alternative.html
Vegamour GRO+ Advanced Hair Supplements,"Beauty, joint & immune",88.0,24.0,3.7,768,Lower-cost ingredient match,https://blendbusters.com/vegamour-gro-advanced.html
"Wellbel Women Hair, Skin & Nails Supplement","Beauty, joint & immune",72.0,8.0,9.0,768,Lower-cost ingredient match,https://blendbusters.com/wellbel-women.html
C4 Energy,Energy,71.0,8.99,7.9,744,Lower-cost ingredient match,https://blendbusters.com/c4-energy.html
Modere Liquid BioCell,"Beauty, joint & immune",77.0,15.0,5.1,744,Lower-cost ingredient match,https://blendbusters.com/modere-biocell-alternative.html
Prime Energy,Energy,71.0,8.99,7.9,744,Lower-cost ingredient match,https://blendbusters.com/prime-energy.html
Beam Dream,Sleep & calm,66.0,5.0,13.2,732,Lower-cost ingredient match,https://blendbusters.com/beam-dream.html
USANA CellSentials,Daily multivitamins & greens,68.0,7.0,9.7,732,Lower-cost ingredient match,https://blendbusters.com/usana-cellsentials-alternative.html
Cymbiotika Vitamin C,Daily multivitamins & greens,62.0,1.5,41.3,726,Lower-cost ingredient match,https://blendbusters.com/cymbiotika.html
Field of Greens (Brickhouse),Daily multivitamins & greens,81.0,23.0,3.5,696,Lower-cost ingredient match,https://blendbusters.com/field-of-greens-alternative.html
Herbalife Formula 1 Shake,Fitness & performance,73.0,15.0,4.9,696,Lower-cost ingredient match,https://blendbusters.com/herbalife-formula-1-alternative.html
GURU Organic Energy,Energy,63.0,5.62,11.2,689,Lower-cost ingredient match,https://blendbusters.com/guru-organic-energy.html
Hunter Test,Men's & testosterone,90.0,33.0,2.7,684,Lower-cost ingredient match,https://blendbusters.com/hunter-test.html
Perfect Keto Base Ketones (BHB),Fitness & performance,85.0,28.0,3.0,684,Lower-cost ingredient match,https://blendbusters.com/perfect-keto-alternative.html
Truvani Plant-Based Protein,Fitness & performance,75.0,18.0,4.2,684,Lower-cost ingredient match,https://blendbusters.com/truvani-protein-alternative.html
Bloom Sparkling Energy,Energy,63.0,6.75,9.3,675,Lower-cost ingredient match,https://blendbusters.com/bloom-sparkling-energy.html
Timeline Mitopure (Urolithin A Softgels),Longevity & heart,125.0,69.0,1.8,672,Lower-cost ingredient match,https://blendbusters.com/timeline-mitopure.html
Balance of Nature,Daily multivitamins & greens,70.0,15.0,4.7,660,Lower-cost ingredient match,https://blendbusters.com/balance-of-nature.html
Juice Plus+ Premium Capsules,Daily multivitamins & greens,80.0,25.0,3.2,660,Lower-cost ingredient match,https://blendbusters.com/juice-plus-alternative.html
Celsius Original,Energy,63.0,8.99,7.0,648,Lower-cost ingredient match,https://blendbusters.com/celsius-original.html
Kaged Pre-Kaged Pre-Workout,Fitness & performance,68.0,14.0,4.9,648,Lower-cost ingredient match,https://blendbusters.com/kaged-prekaged-alternative.html
Peachy Plump Creatine Bites,Fitness & performance,60.0,6.0,10.0,648,Lower-cost ingredient match,https://blendbusters.com/peachy-plump-alternative.html
WeNatal for Him,Daily multivitamins & greens,61.0,7.7,7.9,640,Lower-cost ingredient match,https://blendbusters.com/wenatal-for-him.html
Creatine Gummies,Fitness & performance,56.0,3.3,17.0,632,Lower-cost ingredient match,https://blendbusters.com/creatine-gummies.html
Goli ACV,Other,57.0,5.0,11.4,624,Lower-cost ingredient match,https://blendbusters.com/goli.html
Hormone Harmony (Happy Mammoth),Other,70.0,18.0,3.9,624,Lower-cost ingredient match,https://blendbusters.com/hormone-harmony.html
Nugenix Total-T,Men's & testosterone,70.0,18.0,3.9,624,Lower-cost ingredient match,https://blendbusters.com/nugenix.html
Bang Energy,Energy,63.0,11.24,5.6,621,Lower-cost ingredient match,https://blendbusters.com/bang-energy.html
1st Phorm Micro Factor,Daily multivitamins & greens,71.0,19.36,3.7,620,Lower-cost ingredient match,https://blendbusters.com/1st-phorm-micro-factor.html
Monster Zero Ultra,Energy,58.0,6.75,8.6,615,Lower-cost ingredient match,https://blendbusters.com/monster-zero-ultra.html
4Life Transfer Factor Tri-Factor,"Beauty, joint & immune",66.0,15.0,4.4,612,Lower-cost ingredient match,https://blendbusters.com/4life-transfer-factor-alternative.html
Prime Hydration Sticks,Hydration & electrolytes,71.0,19.99,3.6,612,Lower-cost ingredient match,https://blendbusters.com/prime-hydration-sticks.html
Olipop Prebiotic Soda,"Gut, probiotic & omega",75.0,25.0,3.0,600,Lower-cost ingredient match,https://blendbusters.com/olipop-alternative.html
Huel Daily Greens,Daily multivitamins & greens,57.0,7.7,7.4,592,Lower-cost ingredient match,https://blendbusters.com/huel-daily-greens.html
5-hour Energy Extra Strength,Energy,58.0,8.99,6.5,588,Lower-cost ingredient match,https://blendbusters.com/5-hour-energy-extra-strength.html
Garden of Life Sport Grass-Fed Whey,Fitness & performance,72.0,23.0,3.1,588,Lower-cost ingredient match,https://blendbusters.com/garden-of-life-whey-alternative.html
Performance Lab NutriGenesis Multi for Men,Daily multivitamins & greens,50.0,2.7,18.5,568,Lower-cost ingredient match,https://blendbusters.com/performance-lab-nutrigenesis-multi-for-men.html
Performance Lab NutriGenesis Multi for Women,Daily multivitamins & greens,50.0,2.7,18.5,568,Lower-cost ingredient match,https://blendbusters.com/performance-lab-nutrigenesis-multi-for-women.html
AG1,Daily multivitamins & greens,79.0,32.0,2.5,564,Lower-cost ingredient match,https://blendbusters.com/ag1.html
The Nue Co. Skin Filter,"Beauty, joint & immune",55.0,8.0,6.9,564,Lower-cost ingredient match,https://blendbusters.com/the-nue-co-skin-filter.html
Kion Aminos (Essential Amino Acids),Fitness & performance,54.0,8.0,6.8,552,Lower-cost ingredient match,https://blendbusters.com/kion-aminos-alternative.html
OmegaXL Green-Lipped Mussel,"Gut, probiotic & omega",55.0,9.0,6.1,552,Lower-cost ingredient match,https://blendbusters.com/omegaxl-alternative.html
Testogen (Testogen Ultimate),Men's & testosterone,70.0,24.0,2.9,552,Lower-cost ingredient match,https://blendbusters.com/testogen.html
TestoFuel,Men's & testosterone,65.0,19.75,3.3,543,Lower-cost ingredient match,https://blendbusters.com/testofuel.html
Ritual Synbiotic+,"Gut, probiotic & omega",55.0,9.99,5.5,540,Lower-cost ingredient match,https://blendbusters.com/ritual-synbiotic.html
Thesis Personalized Nootropics,Brain & nootropics,79.0,34.0,2.3,540,Lower-cost ingredient match,https://blendbusters.com/thesis.html
Red Bull Original,Energy,49.0,4.5,10.9,534,Lower-cost ingredient match,https://blendbusters.com/red-bull-original.html
fatty15,Longevity & heart,50.0,6.0,8.3,528,Lower-cost ingredient match,https://blendbusters.com/fatty15.html
Mixhers Hertime PMS,Other,72.0,28.0,2.6,528,Lower-cost ingredient match,https://blendbusters.com/mixhers-hertime-pms.html
Organifi Green Juice,Daily multivitamins & greens,70.0,26.0,2.7,528,Lower-cost ingredient match,https://blendbusters.com/organifi-green-juice-alternative.html
TestoPrime,Men's & testosterone,65.0,21.0,3.1,528,Lower-cost ingredient match,https://blendbusters.com/testoprime.html
LMNT,Hydration & electrolytes,45.0,1.5,30.0,522,Lower-cost ingredient match,https://blendbusters.com/lmnt.html
Onnit New Mood,Sleep & calm,60.0,17.0,3.5,516,Lower-cost ingredient match,https://blendbusters.com/onnit-new-mood.html
Prime Male,Men's & testosterone,75.0,32.0,2.3,516,Lower-cost ingredient match,https://blendbusters.com/prime-male.html
Tru Niagen,Longevity & heart,45.0,2.0,22.5,516,Lower-cost ingredient match,https://blendbusters.com/tru-niagen.html
ColonBroom Premium,"Gut, probiotic & omega",46.0,3.41,13.5,511,Lower-cost ingredient match,https://blendbusters.com/colonbroom-premium.html
Arrae MB-1 (Metabolic Burn),Other,55.0,13.0,4.2,504,Lower-cost ingredient match,https://blendbusters.com/arrae-mb1.html
Pendulum GLP-1 Probiotic,Other,79.0,37.0,2.1,504,Lower-cost ingredient match,https://blendbusters.com/pendulum-glp1.html
Perelel Women's Daily Vitamin Trio,Daily multivitamins & greens,51.0,9.36,5.4,500,Lower-cost ingredient match,https://blendbusters.com/perelel-women-s-daily-vitamin-trio.html
Magic Mind Original Mental Performance Shot,Brain & nootropics,74.0,33.0,2.2,492,Lower-cost ingredient match,https://blendbusters.com/magic-mind.html
Nutrafol,"Beauty, joint & immune",79.0,38.0,2.1,492,Lower-cost ingredient match,https://blendbusters.com/nutrafol.html
Prostate 911 (PhytAge Labs),Men's & testosterone,63.0,22.0,2.9,492,Lower-cost ingredient match,https://blendbusters.com/prostate-911.html
WeNatal for Her,Daily multivitamins & greens,61.0,19.99,3.1,492,Lower-cost ingredient match,https://blendbusters.com/wenatal-for-her.html
Oxford Healthspan Primeadine Original,Longevity & heart,77.0,37.0,2.1,480,Lower-cost ingredient match,https://blendbusters.com/oxford-healthspan-primeadine.html
Cymbiotika Magnesium L-Threonate,"Gut, probiotic & omega",69.0,29.99,2.3,468,Lower-cost ingredient match,https://blendbusters.com/cymbiotika-magnesium-l-threonate.html
Gundry MD Vital Reds,Other,70.0,31.0,2.3,468,Lower-cost ingredient match,https://blendbusters.com/gundry-vital-reds-alternative.html
Legion Pulse Pre-Workout,Fitness & performance,53.0,14.0,3.8,468,Lower-cost ingredient match,https://blendbusters.com/legion-pulse-alternative.html
Mind Lab Pro Universal Nootropic,Brain & nootropics,69.0,30.0,2.3,468,Lower-cost ingredient match,https://blendbusters.com/mind-lab-pro-alternative.html
Tally Health Vitality,Longevity & heart,84.0,45.0,1.9,468,Lower-cost ingredient match,https://blendbusters.com/tally-health.html
Optimum Nutrition Amino Energy RTD,Energy,63.0,24.49,2.6,462,Lower-cost ingredient match,https://blendbusters.com/optimum-nutrition-amino-energy-rtd.html
FullWell Women's Prenatal Multivitamin,Other,50.0,12.0,4.2,456,Lower-cost ingredient match,https://blendbusters.com/fullwell-prenatal.html
Soylent Complete Meal,Daily multivitamins & greens,84.0,46.0,1.8,456,Lower-cost ingredient match,https://blendbusters.com/soylent-alternative.html
Ageless Male Max (New Vitality),Men's & testosterone,50.0,13.0,3.8,444,Lower-cost ingredient match,https://blendbusters.com/ageless-male-max.html
Gundry MD Bio Complete 3,"Gut, probiotic & omega",63.0,26.0,2.4,444,Lower-cost ingredient match,https://blendbusters.com/gundry-bio-complete-3-alternative.html
Perelel Men's Multi Support Pack,Daily multivitamins & greens,51.0,14.36,3.6,440,Lower-cost ingredient match,https://blendbusters.com/perelel-men-s-multi-support-pack.html
Moon Juice Magnesi-Om,Sleep & calm,45.0,8.75,5.1,435,Lower-cost ingredient match,https://blendbusters.com/moon-juice-magnesi-om.html
ZOA Zero Sugar,Energy,63.0,26.74,2.4,435,Lower-cost ingredient match,https://blendbusters.com/zoa-zero-sugar.html
Moon Juice SuperHair,Brain & nootropics,61.0,24.99,2.4,432,Lower-cost ingredient match,https://blendbusters.com/moon-juice-superhair.html
SuperBeets,"Beauty, joint & immune",40.0,4.5,8.9,426,Lower-cost ingredient match,https://blendbusters.com/superbeets.html
Lemme GLP-1 Daily,Other,80.0,45.0,1.8,420,Lower-cost ingredient match,https://blendbusters.com/lemme-glp1.html
Waterboy Weekend Recovery,Hydration & electrolytes,65.0,29.99,2.2,420,Lower-cost ingredient match,https://blendbusters.com/waterboy-weekend-recovery.html
Legion Pulse,Fitness & performance,45.0,10.2,4.4,418,Lower-cost ingredient match,https://blendbusters.com/pre-workout.html
Magnesium Breakthrough,"Gut, probiotic & omega",40.0,6.0,6.7,408,Lower-cost ingredient match,https://blendbusters.com/magnesium-breakthrough.html
Pedialyte AdvancedCare Plus,Hydration & electrolytes,45.0,11.0,4.1,408,Lower-cost ingredient match,https://blendbusters.com/pedialyte-alternative.html
Pedialyte Sport Powder,Hydration & electrolytes,61.0,26.98,2.3,408,Lower-cost ingredient match,https://blendbusters.com/pedialyte-sport-powder.html
Ritual HyaCera,Brain & nootropics,61.0,27.49,2.2,402,Lower-cost ingredient match,https://blendbusters.com/ritual-hyacera.html
Zipfizz,Energy,58.0,24.49,2.4,402,Lower-cost ingredient match,https://blendbusters.com/zipfizz.html
Thorne Basic Nutrients 2/Day,Daily multivitamins & greens,36.0,2.7,13.3,400,Lower-cost ingredient match,https://blendbusters.com/thorne-basic-nutrients-2-day.html
Dose & Co Collagen Peptides,"Beauty, joint & immune",60.0,27.0,2.2,396,Lower-cost ingredient match,https://blendbusters.com/dose-and-co-alternative.html
MaryRuth’s Liquid Morning Multivitamin,Daily multivitamins & greens,36.0,3.0,12.0,396,Lower-cost ingredient match,https://blendbusters.com/maryruths-multivitamin-alternative.html
SkinnyFit Super Youth Collagen,"Beauty, joint & immune",67.0,34.0,2.0,396,Lower-cost ingredient match,https://blendbusters.com/skinnyfit-collagen-alternative.html
NativePath Collagen Peptides,"Beauty, joint & immune",50.0,19.0,2.6,372,Lower-cost ingredient match,https://blendbusters.com/native-path-alternative.html
Seed DS-01,"Gut, probiotic & omega",50.0,19.0,2.6,372,Lower-cost ingredient match,https://blendbusters.com/seed.html
Transparent Labs Grass-Fed Whey Isolate,Fitness & performance,60.0,29.0,2.1,372,Lower-cost ingredient match,https://blendbusters.com/transparent-labs-whey-alternative.html
Peachy Clean,"Gut, probiotic & omega",40.0,10.0,4.0,360,Lower-cost ingredient match,https://blendbusters.com/peachy.html
Poppi Prebiotic Soda,"Gut, probiotic & omega",44.0,14.0,3.1,360,Lower-cost ingredient match,https://blendbusters.com/poppi-alternative.html
Pure for Men Stay Ready Fiber,"Gut, probiotic & omega",36.0,6.0,6.0,360,Lower-cost ingredient match,https://blendbusters.com/pure-for-men-alternative.html
Elysium Basis,Longevity & heart,65.0,36.0,1.8,348,Lower-cost ingredient match,https://blendbusters.com/elysium-basis.html
Just Thrive Probiotic & Antioxidant,"Gut, probiotic & omega",50.0,21.0,2.4,348,Lower-cost ingredient match,https://blendbusters.com/just-thrive-alternative.html
Vital Proteins,"Beauty, joint & immune",48.0,19.0,2.5,348,Lower-cost ingredient match,https://blendbusters.com/vital-proteins.html
Nordic Naturals Ultimate Omega,"Gut, probiotic & omega",41.0,12.49,3.3,342,Lower-cost ingredient match,https://blendbusters.com/nordic-naturals-ultimate-omega.html
Bird&Be The Power Prenatal for Females,Other,63.0,35.0,1.8,336,Lower-cost ingredient match,https://blendbusters.com/birdandbe-power-prenatal.html
Cure Hydration,Hydration & electrolytes,54.0,26.98,2.0,324,Lower-cost ingredient match,https://blendbusters.com/cure-hydration.html
O Positiv FLO,Other,32.0,5.0,6.4,324,Lower-cost ingredient match,https://blendbusters.com/flo-pms.html
It Works! Greens,Daily multivitamins & greens,55.0,28.0,2.0,324,Lower-cost ingredient match,https://blendbusters.com/it-works-greens-alternative.html
Supergut GLP-1 Daily Support,Other,45.0,18.0,2.5,324,Lower-cost ingredient match,https://blendbusters.com/supergut-glp1.html
Alpha Brain,Brain & nootropics,53.0,27.0,2.0,312,Lower-cost ingredient match,https://blendbusters.com/alpha-brain.html
Liquid I.V. Sugar-Free,Hydration & electrolytes,39.0,13.0,3.0,312,Lower-cost ingredient match,https://blendbusters.com/liquid-iv-sugar-free-alternative.html
Salud Hydration + Immunity,Hydration & electrolytes,52.0,26.49,2.0,306,Lower-cost ingredient match,https://blendbusters.com/salud-hydration-immunity.html
Nello Supercalm,Sleep & calm,43.0,18.0,2.4,300,Lower-cost ingredient match,https://blendbusters.com/nello-supercalm-alternative.html
1st Phorm Opti-Greens 50,Daily multivitamins & greens,60.0,35.0,1.7,300,Lower-cost ingredient match,https://blendbusters.com/opti-greens-50-alternative.html
Blueprint Longevity Mix (Bryan Johnson),Longevity & heart,49.0,25.0,2.0,288,Lower-cost ingredient match,https://blendbusters.com/blueprint-longevity-mix.html
BUBS Naturals Collagen Peptides,"Beauty, joint & immune",43.0,19.0,2.3,288,Lower-cost ingredient match,https://blendbusters.com/bubs-collagen-alternative.html
Needed Prenatal Multi Essentials,Daily multivitamins & greens,44.0,19.99,2.2,288,Lower-cost ingredient match,https://blendbusters.com/needed-prenatal-multi-essentials.html
Premier Protein Shake,Fitness & performance,60.0,36.0,1.7,288,Lower-cost ingredient match,https://blendbusters.com/premier-protein-alternative.html
ProstaGenix Multiphase Prostate Supplement,Men's & testosterone,50.0,26.0,1.9,288,Lower-cost ingredient match,https://blendbusters.com/prostagenix.html
Sunwarrior Warrior Blend Protein,Fitness & performance,44.0,21.0,2.1,276,Lower-cost ingredient match,https://blendbusters.com/sunwarrior-alternative.html
Liquid I.V.,Hydration & electrolytes,25.0,2.4,10.4,271,Lower-cost ingredient match,https://blendbusters.com/liquid-iv.html
Bloom Greens,Daily multivitamins & greens,35.0,13.0,2.7,264,Lower-cost ingredient match,https://blendbusters.com/bloom.html
Neuro Energy & Focus Gum,Energy,24.0,2.0,12.0,264,Lower-cost ingredient match,https://blendbusters.com/neuro-gum-alternative.html
G Fuel Energy Formula,Energy,27.0,5.62,4.8,257,Lower-cost ingredient match,https://blendbusters.com/g-fuel-energy-formula.html
Neuriva,Brain & nootropics,32.0,11.0,2.9,252,Lower-cost ingredient match,https://blendbusters.com/neuriva.html
Grüns Daily Greens,Daily multivitamins & greens,56.0,36.0,1.6,240,Partial match,https://blendbusters.com/gruns-alternative.html
Host Defense MyCommunity,"Beauty, joint & immune",30.0,10.0,3.0,240,Lower-cost ingredient match,https://blendbusters.com/host-defense-mycommunity-alternative.html
Nuun Instant,Hydration & electrolytes,26.0,6.0,4.3,240,Lower-cost ingredient match,https://blendbusters.com/nuun-instant-alternative.html
Align 24/7 Digestive Support,"Gut, probiotic & omega",29.0,9.99,2.9,228,Lower-cost ingredient match,https://blendbusters.com/align-24-7-digestive-support.html
JSHealth Hair + Energy Formula,"Beauty, joint & immune",22.0,3.0,7.3,228,Lower-cost ingredient match,https://blendbusters.com/jshealth-hair-energy.html
Super Beta Prostate (New Vitality),Men's & testosterone,30.0,11.0,2.7,228,Lower-cost ingredient match,https://blendbusters.com/super-beta-prostate.html
Everyday Dose Mushroom Coffee,Brain & nootropics,45.0,27.0,1.7,216,Lower-cost ingredient match,https://blendbusters.com/everyday-dose-alternative.html
HUM Red Carpet,Brain & nootropics,27.0,8.99,3.0,216,Lower-cost ingredient match,https://blendbusters.com/hum-red-carpet.html
V8 +Energy,Energy,22.0,4.5,4.9,210,Lower-cost ingredient match,https://blendbusters.com/v8-energy.html
Ritual Essential,Daily multivitamins & greens,39.0,21.6,1.8,209,Lower-cost ingredient match,https://blendbusters.com/ritual.html
Primal Harvest Primal Collagen,"Beauty, joint & immune",30.0,13.0,2.3,204,Lower-cost ingredient match,https://blendbusters.com/primal-collagen-alternative.html
RYZE Mushroom Coffee,Brain & nootropics,36.0,19.0,1.9,204,Lower-cost ingredient match,https://blendbusters.com/ryze-mushroom-coffee-alternative.html
Gatorlyte Powder,Hydration & electrolytes,43.0,26.98,1.6,192,Partial match,https://blendbusters.com/gatorlyte-powder.html
Vega Sport Premium Protein,Fitness & performance,47.0,31.0,1.5,192,Partial match,https://blendbusters.com/vega-sport-alternative.html
ZzzQuil Pure Zzzs,Sleep & calm,17.0,1.5,11.3,186,Lower-cost ingredient match,https://blendbusters.com/zzzquil-pure-zzzs.html
1MD Complete Probiotics Platinum,"Gut, probiotic & omega",41.0,26.0,1.6,180,Partial match,https://blendbusters.com/1md-probiotics-alternative.html
Ancient Nutrition Multi Collagen Protein,"Beauty, joint & immune",30.0,15.0,2.0,180,Lower-cost ingredient match,https://blendbusters.com/ancient-nutrition-alternative.html
Ghost Hydration,Hydration & electrolytes,38.0,22.99,1.7,180,Lower-cost ingredient match,https://blendbusters.com/ghost-hydration.html
Naked Whey Grass-Fed Protein,Fitness & performance,38.0,23.0,1.7,180,Partial match,https://blendbusters.com/naked-whey-alternative.html
New Chapter Every Woman’s One Daily,Daily multivitamins & greens,20.0,5.0,4.0,180,Lower-cost ingredient match,https://blendbusters.com/new-chapter-multivitamin-alternative.html
Orgain Organic Plant Protein,Fitness & performance,42.0,27.0,1.6,180,Partial match,https://blendbusters.com/orgain-protein-alternative.html
SmartyPants Adult Complete Gummies,Daily multivitamins & greens,24.0,9.0,2.7,180,Lower-cost ingredient match,https://blendbusters.com/smartypants-alternative.html
Natrol Sleep+ Calm,Sleep & calm,16.0,1.5,10.7,174,Lower-cost ingredient match,https://blendbusters.com/natrol-sleep-calm.html
Nature’s Way Alive! Once Daily,Daily multivitamins & greens,15.0,1.0,15.0,168,Lower-cost ingredient match,https://blendbusters.com/alive-multivitamin-alternative.html
Force Factor Test X180 Boost,Men's & testosterone,25.0,11.0,2.3,168,Lower-cost ingredient match,https://blendbusters.com/test-x180-boost.html
Ancestral Supplements Grass Fed Beef Liver,Other,38.0,25.0,1.5,156,Partial match,https://blendbusters.com/ancestral-liver-alternative.html
Emergen-C,Brain & nootropics,16.0,3.0,5.3,156,Lower-cost ingredient match,https://blendbusters.com/emergen-c.html
Provitalize Probiotic,"Gut, probiotic & omega",42.0,29.0,1.4,156,Partial match,https://blendbusters.com/provitalize-alternative.html
Pure Encapsulations O.N.E. Multivitamin,Daily multivitamins & greens,20.0,7.7,2.6,148,Lower-cost ingredient match,https://blendbusters.com/pure-encapsulations-o-n-e-multivitamin.html
Bellway Super Fiber + Fruit,"Gut, probiotic & omega",18.0,6.0,3.0,144,Lower-cost ingredient match,https://blendbusters.com/bellway-alternative.html
Florastor Daily Probiotic,"Gut, probiotic & omega",24.0,12.0,2.0,144,Lower-cost ingredient match,https://blendbusters.com/florastor-alternative.html
Propel Powder,Hydration & electrolytes,27.0,14.99,1.8,144,Lower-cost ingredient match,https://blendbusters.com/propel-powder.html
Thorne Super EPA,"Gut, probiotic & omega",15.0,3.33,4.5,140,Lower-cost ingredient match,https://blendbusters.com/thorne-super-epa.html
OLLY Sleep,Sleep & calm,17.0,5.5,3.1,138,Lower-cost ingredient match,https://blendbusters.com/olly-sleep.html
Bulletproof Brain Octane C8 MCT Oil,Energy,24.0,13.0,1.8,132,Lower-cost ingredient match,https://blendbusters.com/bulletproof-mct-alternative.html
Skratch Labs Sport Hydration,Hydration & electrolytes,38.0,26.98,1.4,132,Partial match,https://blendbusters.com/skratch-labs-sport-hydration.html
Culturelle Daily Probiotic,"Gut, probiotic & omega",20.0,10.0,2.0,120,Lower-cost ingredient match,https://blendbusters.com/culturelle-alternative.html
Goli Ashwagandha Gummies,Sleep & calm,19.0,9.0,2.1,120,Lower-cost ingredient match,https://blendbusters.com/goli-ashwagandha-alternative.html
Hydrant,Hydration & electrolytes,30.0,19.99,1.5,120,Partial match,https://blendbusters.com/hydrant.html
MUD\WTR,Brain & nootropics,40.0,30.0,1.3,120,Partial match,https://blendbusters.com/mud-wtr.html
Obvi Super Collagen Protein,"Beauty, joint & immune",40.0,30.0,1.3,120,Partial match,https://blendbusters.com/obvi-collagen-alternative.html
BodyArmor Flash I.V.,Hydration & electrolytes,36.0,26.98,1.3,108,Partial match,https://blendbusters.com/bodyarmor-flash-i-v.html
Hairtamin Advanced Formula,Brain & nootropics,34.0,24.99,1.4,108,Partial match,https://blendbusters.com/hairtamin-advanced-formula.html
Optimum Nutrition Gold Standard Whey,Fitness & performance,32.0,23.0,1.4,108,Partial match,https://blendbusters.com/optimum-gold-standard-alternative.html
HUM Beauty zzZz,Sleep & calm,10.0,1.5,6.7,102,Lower-cost ingredient match,https://blendbusters.com/hum-beauty-zzzz.html
Nuun Sport,Hydration & electrolytes,23.0,14.99,1.5,96,Partial match,https://blendbusters.com/nuun-sport.html
Ora Organic Easy Being Green,Daily multivitamins & greens,22.0,14.0,1.6,96,Partial match,https://blendbusters.com/ora-greens-alternative.html
Osteo Bi-Flex Triple Strength,Brain & nootropics,25.0,17.49,1.4,90,Partial match,https://blendbusters.com/osteo-bi-flex-triple-strength.html
DripDrop ORS,Hydration & electrolytes,34.0,26.98,1.3,84,Partial match,https://blendbusters.com/dripdrop-ors.html
Momentous Creatine Monohydrate,Fitness & performance,14.0,7.0,2.0,84,Lower-cost ingredient match,https://blendbusters.com/momentous-creatine-alternative.html
Animal Pak,Daily multivitamins & greens,29.0,22.69,1.3,76,Partial match,https://blendbusters.com/animal-pak.html
Life Extension Two-Per-Day Multivitamin,Daily multivitamins & greens,13.0,7.0,1.9,72,Lower-cost ingredient match,https://blendbusters.com/life-extension-multivitamin-alternative.html
Nectar Hydration,Hydration & electrolytes,26.0,19.99,1.3,72,Partial match,https://blendbusters.com/nectar-hydration.html
Qunol Turmeric Curcumin,"Beauty, joint & immune",15.0,9.0,1.7,72,Lower-cost ingredient match,https://blendbusters.com/qunol-turmeric-alternative.html
Zenwise Digestive Enzymes,"Gut, probiotic & omega",11.0,5.0,2.2,72,Lower-cost ingredient match,https://blendbusters.com/zenwise-alternative.html
Ovasitol Inositol Powder (Theralogix),Other,23.0,18.0,1.3,60,Partial match,https://blendbusters.com/ovasitol.html
PreserVision AREDS 2,Brain & nootropics,15.0,9.99,1.5,60,Partial match,https://blendbusters.com/preservision-areds-2.html
SugarBearHair,Brain & nootropics,30.0,24.99,1.2,60,Partial match,https://blendbusters.com/sugarbearhair.html
Viviscal Women's Hair Growth Supplements,Brain & nootropics,30.0,24.99,1.2,60,Partial match,https://blendbusters.com/viviscal-women-s-hair-growth-supplements.html
Natural Vitality CALM,Sleep & calm,9.0,4.5,2.0,54,Lower-cost ingredient match,https://blendbusters.com/natural-vitality-calm.html
Benefiber Prebiotic Fiber,"Gut, probiotic & omega",6.0,2.0,3.0,48,Lower-cost ingredient match,https://blendbusters.com/benefiber-alternative.html
Metamucil Premium Blend,"Gut, probiotic & omega",7.0,3.0,2.3,48,Lower-cost ingredient match,https://blendbusters.com/metamucil-alternative.html
Qunol Ultra CoQ10 100 mg,"Beauty, joint & immune",7.0,3.0,2.3,48,Lower-cost ingredient match,https://blendbusters.com/qunol-coq10-alternative.html
Airborne Original Gummies,Brain & nootropics,9.0,6.5,1.4,30,Partial match,https://blendbusters.com/airborne-original-gummies.html
OLLY Probiotic + Prebiotic Gummy,"Gut, probiotic & omega",13.0,12.0,1.1,12,Important differences,https://blendbusters.com/olly-probiotic-alternative.html
